Model,Train Loss,Valid Loss,Test Loss,Train Fruit Acc,Valid Fruit Acc,Test Fruit Acc,Train Fresh Acc,Valid Fresh Acc,Test Fresh Acc,Combined_Test_Acc
Custom CNN,0.6229100823402405,0.6403319835662842,0.6279904842376709,0.7192128896713257,0.7109940648078918,0.7153668999671936,0.6872619390487671,0.6764318346977234,0.6808160543441772,0.6980914771556854
VGG16,0.44946223497390747,0.3432932496070862,0.3307685852050781,0.9278459548950195,0.9236339926719666,0.9295821189880371,0.5665115118026733,0.5641869902610779,0.5676209330558777,0.7486015260219574
InceptionV3,0.03158419951796532,0.05512882396578789,0.04951115697622299,0.997672438621521,0.9934167265892029,0.9907864332199097,0.9598674178123474,0.9509545564651489,0.9552484154701233,0.9730174243450165
ResNet152,0.018956322222948074,0.03923014551401138,0.028156382963061333,0.9991536140441895,0.9940750598907471,0.9963803887367249,0.9747496247291565,0.9710335731506348,0.9726883769035339,0.9845343828201294
YOLOv3+FC,0.9219693541526794,0.9316751956939697,0.9274909496307373,0.5813937187194824,0.5796576738357544,0.5850608944892883,0.588870108127594,0.5859118103981018,0.5985521674156189,0.5918065309524536
EfficientNetB4,1.1444482803344727,1.1585676670074463,1.135068416595459,0.4508393406867981,0.44897958636283875,0.45607107877731323,0.5655240416526794,0.5605661869049072,0.5600526332855225,0.5080618560314178
DenseNet121,0.030817678198218346,0.044617652893066406,0.03998272866010666,0.9983072280883789,0.9953917264938354,0.9944060444831848,0.9606432318687439,0.9562212228775024,0.9565646648406982,0.9754853546619415
ViT-Base Pretrained,0.5120041966438293,0.41879740357398987,0.44471070170402527,0.8414444923400879,0.8331139087677002,0.8413951992988586,0.7986316680908203,0.795918345451355,0.7880882024765015,0.81474170088768
ConvNeXt-Base,0.09033209830522537,0.14630237221717834,0.14149533212184906,0.9799689650535583,0.9700461030006409,0.9690687656402588,0.9284807443618774,0.9144173860549927,0.9183942079544067,0.9437314867973328
